Ticker,missing_prices,missing_returns,first_date,last_date
AAPL,0,1,2018-01-02,2026-08-25
ADBE,0,1,2018-01-02,2026-08-25
AMZN,0,1,2018-01-02,2026-08-25
CAT,0,1,2018-01-02,2026-08-25
GOOGL,0,1,2018-01-02,2026-08-25
HD,0,1,2018-01-02,2026-08-25
JNJ,0,1,2018-01-02,2026-08-25
JPM,0,1,2018-01-02,2026-08-25
KO,0,1,2018-01-02,2026-08-25
MA,0,1,2018-01-02,2026-08-25
META,0,1,2018-01-02,2026-08-25
MSFT,0,1,2018-01-02,2026-08-25
NFLX,0,1,2018-01-02,2026-08-25
NVDA,0,1,2018-01-02,2026-08-25
PEP,0,1,2018-01-02,2026-08-25
PG,0,1,2018-01-02,2026-08-25
TSLA,0,1,2018-01-02,2026-08-25
V,0,1,2018-01-02,2026-08-25
WMT,0,1,2018-01-02,2026-08-25
XOM,0,1,2018-01-02,2026-08-25
^GSPC,0,1,2018-01-02,2026-08-25
