ticker,epochs_entrenados,RMSE,R2
AAPL,6,0.04211516943825546,-0.09822674863953007
ADBE,6,0.0515236244224725,-0.004296025637019474
AMZN,6,0.04771631821018693,-0.08033625453485915
CAT,6,0.050238070071955784,-0.27824880577084476
GOOGL,6,0.04621507779027737,-0.11858969898765492
HD,6,0.03253900450901495,-0.012645929998525762
JNJ,12,0.02868854219258137,-0.2546615519266633
JPM,6,0.03378253627251291,-0.11800677713167507
KO,9,0.024772133245148476,-0.14571381870150502
MA,6,0.030498602903549415,-0.23141546166001525
META,7,0.055675789394918206,-0.1659223883052936
MSFT,6,0.042376022459294324,-0.09534973623468468
NFLX,6,0.05272124561628946,-0.10235793665380988
NVDA,6,0.06469065403426044,-0.021793880151447675
PEP,6,0.028736518741786544,-0.04932266606543889
PG,9,0.024597874735386927,-0.06477801980645603
TSLA,7,0.08630534663852221,-0.06389654703563408
V,6,0.02845981521653651,-0.09665271695618394
WMT,6,0.035932371491593854,-0.196432309636144
XOM,6,0.03410697674416693,-0.03564349209310347
