Date,turnover,cost
2020-01-06,1.00001,0.0010000100000000002
2020-04-06,0.89863,0.0008986300000000001
2020-07-07,0.27282,0.00027282
2020-10-05,0.31454,0.00031454
2021-01-05,0.6099,0.0006099
2021-04-07,0.33344999999999997,0.00033345
2021-07-07,0.53545,0.00053545
2021-10-05,0.43918,0.00043918
2022-01-04,0.59321,0.00059321
2022-04-05,0.56491,0.0005649100000000001
2022-07-07,0.65851,0.0006585100000000001
2022-10-05,0.22923,0.00022923
2023-01-05,0.53009,0.00053009
2023-04-06,0.52091,0.00052091
2023-07-10,0.3,0.0003
2023-10-06,0.5315799999999999,0.0005315799999999999
2024-01-08,0.6,0.0006
2024-04-09,0.77896,0.00077896
2024-07-10,0.46937999999999996,0.00046938
2024-10-08,0.39978,0.00039978
2025-01-08,0.3201,0.00032010000000000003
2025-04-10,0.4316199999999999,0.0004316199999999999
2025-07-14,0.16166000000000003,0.00016166000000000002
2025-10-10,0.09805999999999998,9.805999999999998e-05
2026-01-12,0.4816599999999999,0.0004816599999999999
2026-04-14,0.33906000000000003,0.00033906
2026-07-15,0.24037000000000003,0.00024037000000000003
