,AAPL,ADBE,AMZN,CAT,GOOGL,HD,JNJ,JPM,KO,MA,META,MSFT,NFLX,NVDA,PEP,PG,TSLA,V,WMT,XOM
2020-01-06,0.15,0.04818,0.0,0.0,0.0,0.0,0.0,0.01665,0.15,0.15,0.0,0.15,0.0,0.0,0.03279,0.15,0.0,0.15,0.00239,0.0
2020-04-06,0.15,0.0,0.15,0.0,0.0,0.0,0.0,0.0,0.0,0.06551,0.0,0.15,0.0,0.0,0.0709,0.15,0.11359,0.0,0.15,0.0
2020-07-07,0.15,0.05289,0.15,0.0,0.0,0.0,0.04711,0.0,0.0,0.0,0.0,0.15,0.0,0.0,0.0,0.15,0.15,0.0,0.15,0.0
2020-10-05,0.15,0.0,0.09505,0.0,0.0,0.0,0.0,0.0,0.0,0.0,0.03234,0.14768,0.0,0.0,0.12493,0.15,0.15,0.0,0.15,0.0
2021-01-05,0.15,0.0,0.15,0.0,0.0,0.0,0.1,0.0,0.0,0.0,0.0,0.0,0.0,0.15,0.0,0.15,0.15,0.0,0.15,0.0
2021-04-07,0.15,0.0,0.12486,0.15,0.01673,0.0,0.0599,0.0,0.0,0.0,0.0,0.0,0.0,0.05458,0.0,0.14394,0.15,0.0,0.15,0.0
2021-07-07,0.15,0.0,0.06166,0.10063,0.15,0.0,0.09893,0.0,0.0,0.0,0.0,0.0,0.0,0.15,0.0,0.0,0.15,0.0,0.13878,0.0
2021-10-05,0.06192,0.0,0.00915,0.13613,0.15,0.0,0.14044,0.0,0.0,0.0,0.0,0.0,0.14258,0.15,0.0,0.0,0.15,0.0,0.05978,0.0
2022-01-04,0.09632,0.0,0.03357,0.02158,0.15,0.03394,0.09871,0.0,0.0,0.0,0.0,0.0,0.00225,0.15,0.0,0.15,0.15,0.0,0.11362,0.0
2022-04-05,0.13324,0.0,0.0,0.09508,0.08562,0.0,0.12075,0.0,0.0,0.0,0.0,0.0,0.0,0.09029,0.0,0.15,0.15,0.0,0.02502,0.15
2022-07-07,0.00409,0.0,0.0,0.06091,0.07645,0.0,0.15,0.0,0.15,0.0,0.0,0.0,0.0,0.0,0.15,0.14814,0.1104,0.0,0.0,0.15
2022-10-05,0.00287,0.0,0.0,0.067,0.15,0.0232,0.15,0.01178,0.15,0.0,0.0,0.0,0.0,0.0,0.15,0.04475,0.1004,0.0,0.0,0.15
2023-01-05,0.0,0.0,0.0,0.14733,0.0,0.11312,0.15,0.0,0.15,0.0,0.0,0.0,0.0,0.0,0.15,0.13954,0.0,0.0,0.0,0.15
2023-04-06,0.0,0.0,0.0,0.0,0.0,0.0,0.15,0.0,0.15,0.0,0.0,0.0,0.0,0.15,0.15,0.15,0.0,0.0,0.1,0.15
2023-07-10,0.07113,0.0,0.0,0.02887,0.0,0.0,0.0,0.0,0.15,0.0,0.0,0.0,0.0,0.15,0.15,0.15,0.0,0.0,0.15,0.15
2023-10-06,0.0,0.0,0.0,0.15,0.0,0.0,0.14466,0.0,0.0,0.0,0.0,0.0,0.0,0.15,0.15,0.10534,0.0,0.0,0.15,0.15
2024-01-08,0.0,0.0,0.0,0.15,0.0,0.0,0.08948,0.0,0.15,0.0,0.0,0.0,0.0,0.15,0.01052,0.0,0.0,0.15,0.15,0.15
2024-04-09,0.0,0.0,0.0,0.15,0.0,0.0,0.0,0.15,0.0,0.0,0.15,0.0,0.0,0.15,0.02893,0.07107,0.0,0.0,0.15,0.15
2024-07-10,0.0,0.0,0.0,0.07936,0.0,0.0,0.0,0.15,0.00576,0.0,0.06655,0.0,0.15,0.15,0.0,0.15,0.0,0.0,0.15,0.09833
2024-10-08,0.0,0.0,0.0,0.10677,0.0,0.0,0.0,0.15,0.14116,0.0,0.10363,0.0,0.03074,0.15,0.0,0.15,0.0,0.0,0.15,0.0177
2025-01-08,0.0431,0.0,0.0,0.0,0.0,0.0,0.01719,0.15,0.08788,0.0,0.15,0.0,0.05015,0.15,0.0,0.15,0.0,0.00919,0.15,0.04249
2025-04-10,0.0,0.0,0.0,0.0,0.0,0.0,0.07103,0.15,0.15,0.0,0.11058,0.0,0.15,0.15,0.0,0.06839,0.0,0.0,0.15,0.0
2025-07-14,0.0,0.0,0.0,0.0,0.0,0.0,0.14477,0.15,0.15,0.0,0.05725,0.0,0.15,0.15,0.0,0.04089,0.0,0.0,0.15,0.00709
2025-10-10,0.0,0.0,0.0,0.03405,0.0,0.0,0.15,0.15,0.15,0.0,0.01598,0.0,0.15,0.14933,0.0,0.05064,0.0,0.0,0.15,0.0
2026-01-12,0.0,0.0,0.0,0.08327,0.15,0.0,0.15,0.12137,0.15,0.0,0.0,0.0,0.03424,0.11951,0.0,0.0,0.0,0.0,0.15,0.04161
2026-04-14,0.0,0.0,0.0,0.14499,0.15,0.0,0.15,0.02471,0.15,0.0,0.0,0.0,0.07624,0.04664,0.0,0.0,0.0,0.0,0.15,0.10742
2026-07-15,0.0,0.0,0.0,0.15,0.15,0.0,0.15,0.10264,0.15,0.0,0.0,0.0,0.0,0.00269,0.0,0.0,0.0,0.01663,0.15,0.12803
