Date,actual,predicted
2024-01-02,-0.0026934419007675,-0.008305114466773924
2024-01-03,0.0105291332032422,-0.011224437288560403
2024-01-04,0.0202297322309445,-0.0072298864929701626
2024-01-05,0.0261617392512614,-0.005263058747371792
2024-01-08,-0.0104010308974591,-0.012657333704471552
2024-01-09,-0.0132872663829247,-0.009355375547264526
2024-01-10,0.0131051602320164,-0.009234052522803383
2024-01-11,0.0321678995586587,-0.00711871139691936
2024-01-12,0.0428679315878879,-0.006160968694740124
2024-01-16,0.0628982531029258,-0.004524928559737136
2024-01-17,0.0647034633494967,-0.000861545394211979
2024-01-18,0.0293694670339208,-0.0069591693244577014
2024-01-19,0.0044892846145976,-0.004487089095723739
2024-01-22,-0.0111403596255578,-0.0028517774945331885
2024-01-23,-0.0365815405379399,-0.0019278017245238383
2024-01-24,-0.0519280968705304,-0.0017327257193586023
2024-01-25,-0.0376474305221808,-0.005181979384801484
2024-01-26,-0.034144110063557,-0.007730243225112614
2024-01-29,-0.0211233063401419,-0.009687475630879317
2024-01-30,0.0067008034031819,-0.010123424977522994
2024-01-31,0.0271691448034674,-0.009350476483797505
2024-02-01,0.0078134117823647,-0.012969804767530393
2024-02-02,0.0174388924074062,-0.01101106093106727
2024-02-05,-0.0015516412628442,-0.01175181052908751
2024-02-06,-0.0212567331400213,-0.010271035123817511
2024-02-07,-0.0265297657085866,-0.008273739661811727
2024-02-08,-0.0224372220094877,-0.008977754759298897
2024-02-09,-0.0346307924704112,-0.008322278413262099
2024-02-12,-0.0298690474757914,-0.008792392589685102
2024-02-13,-0.0146997258921012,-0.006841572710431934
2024-02-14,0.0011945579888337,-0.005427726708884573
2024-02-15,-0.0072883041816826,-0.003315141180461339
2024-02-16,-0.0063077982516487,-0.0007046659332464091
2024-02-20,0.0058933431228624,0.0011235767807256858
2024-02-21,-0.0049360946517279,0.0012828330563481151
2024-02-22,-0.0196341907446165,-1.3936906538556879e-05
2024-02-23,-0.0156694599301,0.00205347027413604
2024-02-26,-0.0334510653482929,0.0030862893109368334
2024-02-27,-0.0684991578380854,0.001426755413297229
2024-02-28,-0.0677983985647875,0.0036833898001130383
2024-02-29,-0.0650070161954938,0.004060225722057337
2024-03-01,-0.0497049769112365,0.004953330567610748
2024-03-04,-0.0134210108104546,0.008183632851816659
2024-03-05,0.0182811255525556,0.012350699132618572
2024-03-06,0.0118847938229427,0.013447788042044523
2024-03-07,0.0236686374330239,0.015499932642133505
2024-03-08,0.0110700840300754,0.013718307735846555
2024-03-11,0.0056150168573727,0.012457813427371067
2024-03-12,0.0164521738820715,0.01384094467390681
2024-03-13,0.0440601105259219,0.015385464175083139
2024-03-14,-0.0094219934428018,0.012590852140071808
2024-03-15,-0.0019696490679061,0.013885398793542468
2024-03-18,-0.0165207529866886,0.013302613719414451
2024-03-19,-0.0361766230689889,0.012825963650204136
2024-03-20,-0.0299994569648062,0.01207826709277298
2024-03-21,0.0006419563863904,0.008467387535572277
2024-03-22,-0.0130603295757174,0.0061370450307469335
2024-03-25,-0.0117648131617695,0.007192411885252355
2024-03-26,-0.0003535665181778,0.007564217692543836
2024-03-27,-0.0259073915154013,0.0013794326748264706
2024-03-28,-0.0110799564015972,0.004892594218697082
2024-04-01,-0.0092921872941788,0.005294412946925589
2024-04-02,0.0049159625210504,0.006159026183933948
2024-04-03,-0.0110227205464707,0.0038023075043675312
2024-04-04,0.036843981720821,0.004427036252973612
2024-04-05,0.0411015499175622,0.006601830090440482
2024-04-08,0.0251705761527711,0.007821506677543728
2024-04-09,-0.0017093379929051,0.007672809604190855
2024-04-10,0.0013112008658229,0.009253841157226633
2024-04-11,-0.045703926923771,0.0004530576198020376
2024-04-12,-0.0654206513835964,0.002476648915367676
2024-04-15,-0.0396665977095519,0.0007714160191092702
2024-04-16,-0.0146416765733721,-0.001975944510089993
2024-04-17,0.0060715355374016,-0.002555090471562233
2024-04-18,0.0170619342719606,-0.000613389655587787
2024-04-19,0.0260605317819948,0.004240036584441214
2024-04-22,0.0461891893450474,0.0013482395532677452
2024-04-23,0.0205514768436712,0.001413244007991872
2024-04-24,0.0016564999072319,0.0010382372820320514
2024-04-25,0.018482651194742,0.004190148528600342
2024-04-26,0.0831659923218719,0.005022251189539968
2024-04-29,0.0473198715312892,0.0037882912944032206
2024-04-30,0.0708623367741412,0.003799507651630761
2024-05-01,0.079385877317597,0.001060205659528848
2024-05-02,0.0666935772233279,-0.00023221162983086668
2024-05-03,-0.0004456449436206,7.799178458454438e-05
2024-05-06,0.0265406396860201,-0.0014000163851125768
2024-05-07,0.0289705853500457,-0.00021070690099355902
2024-05-08,0.0396044568287448,9.881968690788733e-05
2024-05-09,0.0299477599666242,5.8393512220076584e-05
2024-05-10,0.0372575651619231,-0.0036459644349392615
2024-05-13,0.0255527784152107,-0.0033383885352066735
2024-05-14,0.0262497525155067,0.00038839718542281205
2024-05-15,0.0062195880526683,0.001363740983455191
2024-05-16,-0.01559184662424,0.0016896167270770025
2024-05-17,0.0005791904395853,0.001358512836553913
2024-05-20,-0.0054960663304837,0.0015765878188462286
2024-05-21,-0.010709691441881,0.001430276600308267
2024-05-22,0.002043059255093,0.0018623756328598274
2024-05-23,0.028734907855231,-0.0019167460175774885
2024-05-24,0.0213182329892474,-0.0028570780490170637
2024-05-28,0.0229484162716895,-0.002414102834886368
2024-05-29,0.0293236729171668,-0.0029340882074157092
2024-05-30,0.016676103230397,-0.002768876957712437
2024-05-31,0.0241351810517174,-0.0020366803283647476
2024-06-03,-0.0046899458640489,0.0014288460838163828
2024-06-04,0.0658604043623289,0.000991308742897501
2024-06-05,0.0878134572845106,0.0006944865877576241
2024-06-06,0.1016044792699744,0.000986476664447654
2024-06-07,0.0792320552196197,0.0020435658259857206
2024-06-10,0.1219449258491416,-0.00016898540263648228
2024-06-11,0.0344678783779368,-0.0014391410369145848
2024-06-12,-0.0159103163367361,-0.0035576927412607796
2024-06-13,-0.031506718611398,-0.002908091752233239
2024-06-14,-0.0204714978383749,-0.0022431124297793478
2024-06-17,-0.0350762679491898,-0.002590621839314914
2024-06-18,-0.0048531737562431,-0.0010467856811349919
2024-06-20,0.0210798161247316,0.00016047681236353115
2024-06-21,0.0150849300814244,-0.0006307124371184485
2024-06-24,0.0413663904081915,-0.0016057479222497811
2024-06-25,0.053570383896893,-0.0003618749094036165
2024-06-26,0.0389214791827841,-0.0036047815109972008
2024-06-27,0.057169371306283,-0.004440167219705518
2024-06-28,0.0816636932573784,-0.004954841805416383
2024-07-01,0.0550404383546068,-0.004738454249945108
2024-07-02,0.057701883196026,-0.004791766721311895
2024-07-03,0.0271721630940253,-0.004318079221658859
2024-07-05,0.0185561432361771,-0.0038378911459478887
2024-07-08,0.0288824460004653,-0.003497141651790348
2024-07-09,0.0268497769288424,-0.0029712179445440835
2024-07-10,-0.0175979815404306,-0.00246954437441645
2024-07-11,-0.0148965654302207,-0.0004293792679116292
2024-07-12,-0.0270235073389982,-0.0009937511987607
2024-07-15,-0.0445392225905044,-0.0008031399651195871
2024-07-16,-0.0417768340095076,-0.0008780380537904376
2024-07-17,-0.0451765975607081,0.0008432083406668262
2024-07-18,-0.0298420257794643,-0.0005019342789760349
2024-07-19,-0.0283089608519627,-0.0015556015980607617
2024-07-22,-0.0255403916663852,-0.0016581396635531884
2024-07-23,-0.0275986572205202,-0.002242034858114361
2024-07-24,0.0161984904350116,-0.004855042388675379
2024-07-25,0.0040002580948756,-0.008449181674091559
2024-07-26,0.0087170788764145,-0.010693718576056005
2024-07-29,-0.0411013215081674,-0.011988862573852272
2024-07-30,-0.0528794911756865,-0.012797931048912461
2024-07-31,-0.0552054202840588,-0.0120389016647804
2024-08-01,-0.0231270296722795,-0.0131718614079995
2024-08-02,-0.0164648698693189,-0.01438045356225895
2024-08-05,0.040673537809948,-0.010409903279232387
2024-08-06,0.0689868203517978,-0.014230181717488464
2024-08-07,0.0579385112154293,-0.01569905401364398
2024-08-08,0.0547095736157143,-0.017431218695326225
2024-08-09,0.0465762429766769,-0.018351605991639403
2024-08-12,0.0384314227551991,-0.015347090190761517
2024-08-13,0.0236814202663375,-0.011692756893062544
2024-08-14,0.0211077661576093,-0.013391645402626674
2024-08-15,-0.0008454595406048,-0.012107635472044862
2024-08-16,0.0034947380515395,-0.012649021948938301
2024-08-19,0.0057108060252915,-0.008088603951470699
2024-08-20,0.0067105659912627,-0.0071320163898855315
2024-08-21,0.0003973695184482,-0.007487785298729902
2024-08-22,0.0234266700117118,-0.009263932913527076
2024-08-23,0.0095221693431375,-0.008421223802792279
2024-08-26,-0.0194117747455526,-0.008541593614395717
2024-08-27,-0.0314870919420791,-0.008306475164956416
2024-08-28,-0.0181463305541651,-0.00941148260830906
2024-08-29,-0.0390354978705133,-0.007945953083319293
2024-08-30,-0.0353275156496469,-0.008525946935920138
2024-09-03,-0.0119406628189886,-0.010735546357398916
2024-09-04,0.0081956003234042,-0.01213923153074299
2024-09-05,0.0017537541526861,-0.011898012423833032
2024-09-06,0.0076079285058461,-0.01205624007875466
2024-09-09,-0.0207776378195161,-0.012646422758183543
2024-09-10,-0.0150833307643842,-0.01324503436109275
2024-09-11,-0.0088475095104473,-0.011934231740575568
2024-09-12,0.0273823480616772,-0.011901968346679575
2024-09-13,0.0256179588491447,-0.011390643877184014
2024-09-16,0.0469210743387522,-0.01014311177027379
2024-09-17,0.0488029294050322,-0.010528014344218418
2024-09-18,0.0257373603314807,-0.011388752194116092
2024-09-19,-0.0058985022514264,-0.009362565363817509
2024-09-20,-0.0017966794300333,-0.011564358960032132
2024-09-23,0.0288339187180268,-0.010642955397459646
2024-09-24,-0.0051018098360967,-0.010151180395270175
2024-09-25,0.0018112041125828,-0.012502614784283076
2024-09-26,-0.0081310990005175,-0.013128046314701743
2024-09-27,-0.0043460810361534,-0.012643588593221707
2024-09-30,-0.0485406926879186,-0.00668099509658745
2024-10-01,-0.0019450528686262,-0.01106141957220694
2024-10-02,0.0121703303469393,-0.012848296113812397
2024-10-03,0.0149332312616661,-0.013304079682584099
2024-10-04,0.0033069294571466,-0.012885746608505564
2024-10-07,0.0433487297120034,-0.012182868490629306
2024-10-08,0.0357887016419871,-0.013213130240684165
2024-10-09,0.0097587284695341,-0.012133790895100924
2024-10-10,0.0135784055749079,-0.012870853607073166
2024-10-11,0.0327399983974581,-0.013487761263445962
2024-10-14,0.022395141266803,-0.009822328045445717
2024-10-15,0.0085950830403374,-0.00739391113020272
2024-10-16,-0.0044006470825226,-0.00976494430992902
2024-10-17,-0.0068059529288503,-0.008900532021904255
2024-10-18,-0.0152766968173069,-0.0075077182467768126
2024-10-21,-0.0130243988292311,-0.005503243737342206
2024-10-22,-0.0092850266574873,-0.006705383123366035
2024-10-23,-0.0028601852426016,-0.010063715934024673
2024-10-24,-0.020210700100365,-0.010953722965597401
2024-10-25,-0.0367312942070718,-0.010455594555209334
2024-10-28,-0.0488003724386928,-0.009740622480003213
2024-10-29,-0.0437368528556258,-0.009610635201912512
2024-10-30,-0.0320729208556969,-0.010599536183530977
2024-10-31,0.0069496732043503,-0.011637989096666931
2024-11-01,0.0192890544698753,-0.011554901227759281
2024-11-04,0.0111109301476994,-0.010397442822680692
2024-11-05,0.0045947206056351,-0.010674020701740452
2024-11-06,0.0118879382597361,-0.00941232595681408
2024-11-07,0.0043568058477636,-0.010136500172288258
2024-11-08,-0.0086359427930924,-0.01023318662140234
2024-11-11,0.0169021548996577,-0.009453719250141412
2024-11-12,0.0180617061971049,-0.009190288525712265
2024-11-13,0.0172352053512583,-0.008392225978149408
2024-11-14,0.0013145109782106,-0.008360827267398481
2024-11-15,0.0216443858687287,-0.008243472043294335
2024-11-18,0.0212700259789562,-0.007747443090762368
2024-11-19,0.029700316526795,-0.008320092610253382
2024-11-20,0.0258950934178314,-0.008054170465458158
2024-11-21,0.0385523997996553,-0.008925672478460742
2024-11-22,0.0422848096263883,-0.008069285395007399
2024-11-25,0.0419977331487166,-0.006575282817609766
2024-11-26,0.0338212554375423,-0.0059010959202768064
2024-11-27,0.0345210100196624,-0.006133593720702596
2024-11-29,0.0232165075650521,-0.004320641804385303
2024-12-02,0.029884384420119,-0.0021669023320729282
2024-12-03,0.0211004261661802,-0.0012586649795049282
2024-12-04,0.0143203896083035,-0.0010717951598093302
2024-12-05,0.0202435143387951,-0.0010870337055904232
2024-12-06,0.0217841040109936,-0.0007065821341111769
2024-12-09,0.0173860288392662,-2.946177273206469e-05
2024-12-10,0.0230454741079049,0.0004101448589713796
2024-12-11,0.0063288834527694,2.8732083141769574e-05
2024-12-12,0.0073802345928686,0.0004551236062436256
2024-12-13,0.0256316010180692,0.00028801631309619425
2024-12-16,0.0168498429987122,0.0010047380730185598
2024-12-17,0.0186206610944363,0.0015553423415559375
2024-12-18,0.0442246908188841,-0.0005389460917020429
2024-12-19,0.0232194913530359,-0.00029705739633844284
2024-12-20,-0.00899843907155,0.0005515701563899456
2024-12-23,-0.0189994570964395,0.0005488063562240908
2024-12-24,-0.0555768458996166,0.0010869910378419837
2024-12-26,-0.0604584511918769,0.0009626164207493194
2024-12-27,-0.0414334889748826,0.00021487569745478122
2024-12-30,-0.0396113204766844,-0.0006304663633425016
2024-12-31,-0.0308282234569776,-0.0018303089604834368
2025-01-02,-0.0287062449230471,-0.003356030400861779
2025-01-03,-0.0368178874561432,-0.004561772649439204
2025-01-06,-0.047836727247885,-0.005685033424692388
2025-01-07,-0.0179183330836365,-0.006957908769430412
2025-01-08,-0.0594972791764621,-0.007630694900694818
2025-01-10,-0.0290056019427958,-0.006575983738524978
2025-01-13,-0.0501706712009379,-0.005872006141947926
2025-01-14,-0.0405093763108944,-0.004830992901743219
2025-01-15,-0.0597385081374401,-0.006839727590664348
2025-01-16,-0.0240076571544768,-0.0008011634145810142
2025-01-17,-0.0005218740336826,-0.0032573775141630373
2025-01-21,0.0701581016071519,0.002796284050495758
2025-01-22,0.0693832057655317,0.0026653425485827684
2025-01-23,0.0622820901642413,0.004971988180613146
2025-01-24,0.0593409926138954,0.00649046626215274
2025-01-27,-0.0080483715367088,0.00227179974909217
2025-01-28,-0.0229161092155981,0.0010927997672104716
2025-01-29,-0.0287851683096095,-0.000908868007888761
2025-01-30,-0.0183931615173692,-0.0022999188927183035
2025-01-31,-0.0354661497991801,-0.0024549445417305967
2025-02-03,-0.0004811528038308,-0.0027878642175511135
2025-02-04,0.0003253479599072,-0.005785946558244666
2025-02-05,0.0200474843985831,-0.006958692700437601
2025-02-06,0.0367703414206204,-0.007543981992143536
2025-02-07,0.0757323243900485,-0.005696892459474254
2025-02-10,0.0738854278096685,-0.006170322169091868
2025-02-11,0.0526609796810779,-0.0072147380240944175
2025-02-12,0.0378265968785922,-0.008610311244936468
2025-02-13,0.0166438831676238,-0.00856782311314636
2025-02-14,0.0102207422481552,-0.005815106753240219
2025-02-18,0.0105124806859535,-0.004879762456377128
2025-02-19,-0.0184179058961374,-0.006701856846959724
2025-02-20,-0.0346987961137448,-0.006473133690642986
2025-02-21,-0.0151089878135474,-0.007386339119228997
2025-02-24,-0.0367058013044961,-0.004830473104440959
2025-02-25,-0.0449724787849337,-0.004418058761502379
2025-02-26,-0.0192210801066126,-0.008402560954083054
2025-02-27,-0.0083016198494082,-0.010610719733643944
2025-02-28,-0.0114537925388468,-0.01002500998252208
2025-03-03,-0.0443222020706557,-0.01090964982461986
2025-03-04,-0.063959604843686,-0.010632570396236133
2025-03-05,-0.0795792279419905,-0.010842843671398516
2025-03-06,-0.1089959249902811,-0.010759310398464535
2025-03-07,-0.1069979648614787,-0.01031261521129337
2025-03-10,-0.0592578439672505,-0.00528093781592469
2025-03-11,-0.0369045281047405,-0.003045999781371744
2025-03-12,-0.0080191341273857,5.838934346680778e-05
2025-03-13,0.0210797165882341,0.00637276052439259
2025-03-14,0.022389730866728,0.00593880743201469
2025-03-17,0.0314485956601238,0.006931126144615624
2025-03-18,0.0520004775639499,0.008845412913966058
2025-03-19,0.0292231587511235,0.007969184181843971
2025-03-20,0.0455394800982853,0.00923908422398664
2025-03-21,-0.0016951422428321,0.007706376214324278
2025-03-24,0.0063424850093865,0.0071213898164287715
2025-03-25,-0.0025028067032623,0.0059994692973169275
2025-03-26,0.0106532215599801,0.005794973578805331
2025-03-27,-0.0922938994353574,0.005150452516379911
2025-03-28,-0.135474990622135,0.0047798755071090165
2025-03-31,-0.1830908321087204,0.002587305968822772
2025-04-01,-0.2274743866956508,0.00031735373729947954
2025-04-02,-0.111840590357726,-0.001169743570226335
2025-04-03,-0.0628476048398259,0.005041383410777251
2025-04-04,0.0518632948118205,0.007576131942448429
2025-04-07,0.1160586371718177,0.008903198666377309
2025-04-08,0.1723698001511757,0.007556405825530237
2025-04-09,-0.0230325901399218,0.0063278820026305875
2025-04-10,0.0344499997863434,0.00655896817123338
2025-04-11,-0.0251828273857049,0.006169085025926085
2025-04-14,-0.0137270134914022,0.00598166963455656
2025-04-15,0.0121698600580779,0.006022663759432821
2025-04-16,0.0725795088244702,0.006091560202940377
2025-04-17,0.0624429721902648,0.005323604461120078
2025-04-21,0.0879061870680628,0.004958910673257617
2025-04-22,0.0574245165693836,0.004283214714810671
2025-04-23,0.0386119710391832,0.0035716480744398637
2025-04-24,0.0237558867327667,0.0026858750178912374
2025-04-25,-0.0187785977640515,0.0012705606889312658
2025-04-28,-0.0535356778735705,0.0016458175614761598
2025-04-29,-0.0601297164162493,-0.0004868325298021548
2025-04-30,-0.076470678332459,-0.0024370777284417697
2025-05-01,-0.0742078369862185,-0.0027431184120476
2025-05-02,-0.0332115738360774,-0.0036394189870843016
2025-05-05,0.0612218369245065,-0.0043483131016073436
2025-05-06,0.0740477471732066,-0.004191890490763678
2025-05-07,0.083355113877499,-0.0013418776267368109
2025-05-08,0.0720910284412181,-0.0022986776930580353
2025-05-09,0.0655166427260933,-0.004720125513872535
2025-05-12,-0.0095355010165925,-0.0009302899624422318
2025-05-13,-0.0285070827561639,-0.004584536500042584
2025-05-14,-0.0482267606602039,-0.004409781832562855
2025-05-15,-0.0477180187881414,-0.005613428529300874
2025-05-16,-0.0756887049442531,-0.0048232004226664935
2025-05-19,-0.0410479852270669,-0.010027046795511222
2025-05-20,-0.0311320328175297,-0.010570304953336442
2025-05-21,-0.0105893811964796,-0.009814367990547005
2025-05-22,-0.0025327314536357,-0.010680339564724363
2025-05-23,0.0329288732694068,-0.004801170079833016
2025-05-27,0.0152839061674228,-0.0074747760667325785
2025-05-28,0.0119748614357133,-0.007849873991996003
2025-05-29,0.0034008402030689,-0.0075616719656060455
2025-05-30,0.0152849763675899,-0.007228862367342336
2025-06-02,-0.0012396016034318,-0.00603645601572547
2025-06-03,-0.0029517791837149,-0.007900842668112877
2025-06-04,-0.019919217301377,-0.008063337934108288
2025-06-05,-0.0071274936006165,-0.007159736240545486
2025-06-06,-0.0366319940221755,-0.006788236328885413
2025-06-09,-0.0150409560257213,-0.0070742738373316925
2025-06-10,-0.0346868487955519,-0.0060163099728394644
2025-06-11,-0.0110675334277906,-0.005693818156786958
2025-06-12,0.0090361900187652,-0.006998987090136244
2025-06-13,0.0257062898049835,-0.004946170219088122
2025-06-16,0.0094749235903852,-0.007364691691336777
2025-06-17,0.030259579425812,-0.005066124539127645
2025-06-18,0.0224845744526929,-0.006263276698171678
2025-06-20,0.0003980356657655,-0.007872114622030192
2025-06-23,0.018213378371674,-0.007144810278035148
2025-06-24,0.0375436619407805,-0.00641148721933796
2025-06-25,0.0539791113579137,-0.00479735658056683
2025-06-26,0.0624377449486925,-0.004498607158285421
2025-06-27,0.0441116905164293,-0.006013493047337707
2025-06-30,0.0235901495125903,-0.005013456888787326
2025-07-01,0.0159752896947016,-0.003617190363966483
2025-07-02,-0.0001412435087168,-0.0006335118071018574
2025-07-03,-0.0111917821339586,-6.860073507915926e-06
2025-07-07,-0.0063347949694091,-0.005592267794114016
2025-07-08,-0.0042853859555977,-0.008271992574064472
2025-07-09,-0.0046413711996798,-0.00759939711891877
2025-07-10,-0.0112517754478328,-0.007010057047381446
2025-07-11,9.468473034446312e-05,-0.006834325818930927
2025-07-14,0.0185024503247008,-0.00918469206290715
2025-07-15,0.0252975458339108,-0.009790376340733034
2025-07-16,0.0189854670674407,-0.008749442041618014
2025-07-17,0.0178077001417027,-0.00882011165507861
2025-07-18,0.0127853668439077,-0.008163613875665592
2025-07-21,0.0073890301499246,-0.004963927467446708
2025-07-22,-0.0145988063648622,-0.004431054209526606
2025-07-23,-0.023815084524054,-0.004518132681227034
2025-07-24,-0.0289575926540393,-0.0038998324510130123
2025-07-25,-0.0537683965520863,-0.003537134443383834
2025-07-28,-0.0499882919741679,-0.002321404991845107
2025-07-29,-0.0395229910020142,-0.005453211917222478
2025-07-30,0.0200908671915545,-0.007994119390162837
2025-07-31,0.0600279408613415,-0.008277066431302035
2025-08-01,0.1332641078753453,-0.007486284177029887
2025-08-04,0.118454860481471,-0.009695050667873214
2025-08-05,0.1330112734801203,-0.009544246900101359
2025-08-06,0.0954036109724452,-0.01056246164185916
2025-08-07,0.0591472231339191,-0.008216646612047577
2025-08-08,0.0109127407921723,-0.000824218723563132
2025-08-11,0.0163307507406123,-0.0018735288519358476
2025-08-12,0.0039626004779873,-0.0003235409169168313
2025-08-13,-0.0313719459285041,-0.0012000447019289125
2025-08-14,-0.0338517028783648,-0.0011746660079987401
2025-08-15,-0.0165378401155854,-0.0001023682184308275
2025-08-18,-0.0161548382098415,-0.0003589276959149257
2025-08-19,-0.0054216815449598,-8.211950740316231e-05
2025-08-20,0.0198222883530614,-0.0025601426142593635
2025-08-21,0.0340595694827596,-0.005091622261376048
2025-08-22,0.0192306851776327,-0.0054531429466666646
2025-08-25,0.0112695423953879,-0.005981330814344167
2025-08-26,0.0399459685094587,-0.005685442882051618
2025-08-27,0.0403053196720222,-0.005423897417726135
2025-08-28,0.0306587591049802,-0.004443090948216301
2025-08-29,0.0247265139087591,-0.004067089029835377
2025-09-02,0.0201549756052228,-0.004458319469693597
2025-09-03,-0.0489789543294709,-0.0017262776478401375
2025-09-04,-0.040662191091725,-0.0014132946230307536
2025-09-05,-0.0234469021490737,-0.0016740607137873892
2025-09-08,-0.0049605571038673,-0.0020461470642317396
2025-09-09,0.0162150465986534,-0.003781390140640292
2025-09-10,0.0537943587633531,-0.005993305233972235
2025-09-11,0.034125968956636,-0.007660343371876084
2025-09-12,0.0488315054972485,-0.00772644736515129
2025-09-15,0.081875778496137,-0.007424127934955369
2025-09-16,0.0683602533434657,-0.006572872905734207
2025-09-17,0.0557345638090318,-0.006319686817680926
2025-09-18,0.0798300808481511,-0.0072487886904056085
2025-09-19,0.0405703126549841,-0.0035396177696128753
2025-09-22,-0.0064432739984685,-0.00043230488364494335
2025-09-23,0.0007861936190043,-0.0012316585798892834
2025-09-24,0.0124449665702188,-0.0007634250176843538
2025-09-25,0.0010120869112866,-0.000267087001238917
2025-09-26,0.0100210363046366,-0.0003192968247549069
2025-09-29,0.0088827057628999,0.000255697300132216
2025-09-30,0.0072654803612917,0.00024402934884894863
2025-10-01,0.0102172377839531,0.0004494143940998105
2025-10-02,-0.0120171538335541,0.0007970303619867329
2025-10-03,-0.0494147333671902,0.00033354962955009764
2025-10-06,-0.0351786734114042,-8.503248884214436e-05
2025-10-07,-0.033959894339299,-4.044895912621964e-05
2025-10-08,-0.0337905525800155,0.000528596153518272
2025-10-09,-0.0259407525827745,0.00018920832208363467
2025-10-10,0.0286215498909263,-0.0012705354372800409
2025-10-13,0.0588709566208112,-0.0030839390274945006
2025-10-14,0.0605399536274144,-0.004440398124167676
2025-10-15,0.036536600664619,-0.004929644184605907
2025-10-16,0.0490199446079731,-0.006351879269407938
2025-10-17,0.0417376657128358,-0.0050065664126660876
2025-10-20,0.0250534547052407,-0.0013479947085700515
2025-10-21,0.0237089126082019,-0.0028031724354540943
2025-10-22,0.0435285732333916,-0.00411130146171536
2025-10-23,0.0455351820236726,-0.0033773102192634734
2025-10-24,0.0287268993600522,-0.0020178443581802524
2025-10-27,0.0008927810420025,-0.0005280025226986444
2025-10-28,0.0038663652977914,-0.00048739477454659477
2025-10-29,0.0016315722287008,-0.00012158767637181992
2025-10-30,-0.00600597821456,0.0006171154424015786
2025-10-31,-0.0070275130119616,0.0003665070663930875
2025-11-03,0.002383027904947,1.9370606216305777e-05
2025-11-04,0.0202814054505928,8.845295684053924e-05
2025-11-05,0.0133082068220291,0.0003603710339918518
2025-11-06,0.0127687418909496,0.00027875882482839964
2025-11-07,0.0156594861267971,8.878170903778727e-05
2025-11-10,-0.0073115370571336,0.0006010413605059897
2025-11-11,-0.0283742757569059,0.0014091702711436288
2025-11-12,-0.0179544218585302,0.0007506288612041069
2025-11-13,-0.0245466603481018,0.0006118472632992856
2025-11-14,-0.0033774053313263,0.0006123961685499703
2025-11-17,0.0316309241552301,-0.00044490734743667885
2025-11-18,0.0356343547432607,-0.0009959108174206303
2025-11-19,0.033474752304107,-0.0010903010495448137
2025-11-20,0.0473239405539516,-0.0017637386973540312
2025-11-21,0.0427641508136691,-0.0007643685215405014
2025-11-24,0.0372208378933378,-0.00022310839350143073
2025-11-25,0.0259232092569348,-0.0005320815046967291
2025-11-26,0.0113493060141762,-0.0003159306414333308
2025-11-28,-0.0002510822159278,0.0002041299005324758
2025-12-01,-0.0184032992056697,0.0010780230169144568
2025-12-02,-0.0314825568620389,0.0018356060981984607
2025-12-03,-0.0188984175862566,0.0015418531326730081
2025-12-04,-0.0095119278744848,0.0009637690698435048
2025-12-05,-0.0017934714303041,0.0007637864604410297
2025-12-08,-0.0136027446647362,0.0004957463946753506
2025-12-09,-0.009272046225764,0.00039335109253336824
2025-12-10,-0.0248941166914463,0.00037738695535695106
2025-12-11,-0.0210049664551856,-0.00022306888221819594
2025-12-12,-0.0165658924429339,-0.0003286949624407747
2025-12-15,-0.0114551211126396,-0.0009906656984866417
2025-12-16,-0.0081933426959437,-0.0010044457755579075
2025-12-17,0.007246827901655,-0.0011911056545250596
2025-12-18,0.0044454637539899,-0.0012699728155212897
2025-12-19,0.0003287385597023,-0.0011954103558838563
2025-12-22,0.0077867501927151,-0.0012424146026743703
2025-12-23,-0.0018358589314314,-0.0011558962553637553
2025-12-24,-0.0102259201931191,-0.001094129234453992
2025-12-26,-0.0224577847639676,-0.0011939668503098593
2025-12-29,-0.0416424059465582,-0.001150460552412403
2025-12-30,-0.0466895204098075,-0.0007913549160109565
2025-12-31,-0.0471565801745718,-0.0005178520767041986
2026-01-02,-0.0429505383143166,-0.00017770185259712197
2026-01-05,-0.0262293497770272,0.0004020865706231263
2026-01-06,-0.0049930747316641,0.0015736205289484028
2026-01-07,-0.0014213613496208,0.0023865744417005596
2026-01-08,-0.0032041842932832,0.0033261980736828947
2026-01-09,-0.0148050988884451,0.003727281777415921
2026-01-12,-0.0520652526913871,0.003624274314360207
2026-01-13,-0.0513311895884895,0.0036322468972311405
2026-01-14,-0.0446606307410792,0.004128054451688912
2026-01-15,-0.0393865554593907,0.0046421084365657166
2026-01-16,-0.0004695539865834,0.005463837043711976
2026-01-20,0.0468990550205679,0.007006779696215991
2026-01-21,0.0354935980520862,0.007549624067270185
2026-01-22,0.0399838981586877,0.007873401206503945
2026-01-23,0.0461218022700291,0.00812883884511551
2026-01-26,0.0571630348395773,0.006028442680021734
2026-01-27,0.043404291317862,0.0053231769707479904
2026-01-28,0.078185822201459,0.005096470784597808
2026-01-29,0.0682591766094868,0.0042986869489846065
2026-01-30,0.0718357943294469,0.003472847839858578
2026-02-02,0.0180250374248991,0.002420765537382531
2026-02-03,0.0165356797611178,0.0003942913729534847
2026-02-04,-0.002648131040596,0.0017678915659442565
2026-02-05,-0.0505057630054136,0.0004179741584794741
2026-02-06,-0.0794644710897501,0.0009092345458597021
2026-02-09,-0.0391085415349784,-0.0017060300652209214
2026-02-10,-0.0340907085256094,-0.0020736038449663628
2026-02-11,-0.0541561218096603,-0.001312145864871093
2026-02-12,0.0108889146384596,-0.0011725751103236438
2026-02-13,0.0406598674219593,-0.0017303620921725717
2026-02-17,0.0313021604679741,-0.002428650143841766
2026-02-18,0.0373746746047174,-0.0038567173749254804
2026-02-19,0.0474711367688809,-0.0029741959362848663
2026-02-20,-0.0015118473297649,-0.0032313798208693095
2026-02-23,-0.0054850041026122,-0.0027670342482402736
2026-02-24,-0.0308297419373755,-0.0019857931632583405
2026-02-25,-0.0427015186909376,-0.002396706912344849
2026-02-26,-0.0463821333402328,-0.0023164435011749397
2026-02-27,-0.0254372381521192,-0.002866687905577609
2026-03-02,-0.0182834016176665,-0.0032616422144830497
2026-03-03,-0.0110711919848525,-0.0034408967490024978
2026-03-04,-0.0065138522715507,-0.003021153526467625
2026-03-05,-0.017403710528637,-0.0025054604443198007
2026-03-06,-0.0285092062858758,-0.0019935845506847995
2026-03-09,-0.0271663291602054,-0.002269653858964122
2026-03-10,-0.0253038333021552,-0.0021259116166811327
2026-03-11,-0.0416777194974982,-0.0020942650744997914
2026-03-12,-0.0265873111690028,-0.0007223706888655375
2026-03-13,-0.0085159115899464,0.0015530875144019653
2026-03-16,-0.0052606830870743,0.0007165200943111492
2026-03-17,-0.0101876332896955,0.0005613177014878266
2026-03-18,0.0107225362486405,0.0022530814530581592
2026-03-19,0.0157856258748276,0.0028970131862906543
2026-03-20,0.0032662856143943,0.003426193627951599
2026-03-23,-0.019324848961746,0.0029339780206868752
2026-03-24,0.0085439276554069,0.0030519786374613583
2026-03-25,0.0119151321549064,0.002935726827144557
2026-03-26,0.0119814727818317,0.002843145161261194
2026-03-27,0.040433916506019,0.003851693255729574
2026-03-30,0.0278554743230761,0.004302649924815252
2026-03-31,0.0201347342898334,0.0021015152380805674
2026-04-01,0.0190117588077443,0.0006975389653774873
2026-04-02,0.0178180796478528,-0.00016189511381100186
2026-04-06,0.0013136553905044,-0.0002712571251025312
2026-04-07,0.0210255429687595,-0.0013450831939331356
2026-04-08,0.0290846501904347,-0.002213883086492431
2026-04-09,0.0111712534314178,-0.003575765174501949
2026-04-10,0.0374309112786501,-0.004158128616015963
2026-04-13,0.0534334803433127,-0.004378916519762511
2026-04-14,0.028358542501552,-0.0038379489465203073
2026-04-15,0.0252975790910798,-0.00217879971241962
2026-04-16,0.0380790218803663,-0.004804773468148499
2026-04-17,0.0030713454264637,-0.001806232513386732
2026-04-20,-0.0199230509385857,-0.0014720037600179153
2026-04-21,0.0170566859346577,-0.0030523272568470858
2026-04-22,-0.0109822960418743,-0.0015231459544740667
2026-04-23,-0.0076069515472911,-0.0018588215144968428
2026-04-24,0.033498186554415,-0.002517624450029265
2026-04-27,0.0344531504989531,-0.002734243172536068
2026-04-28,0.0497580809915678,-0.0014483827709002254
2026-04-29,0.0641818185933036,-0.001977077896382599
2026-04-30,0.0592960060425264,-0.001814637803910439
2026-05-01,0.0470479168201325,0.0006038902219216557
2026-05-04,0.0582294478877212,-0.000612872039148225
2026-05-05,0.0383263933579349,0.0015674184017799714
2026-05-06,0.0404693787818291,0.0020829580014994726
2026-05-07,0.0384245784565182,0.0021104107365013365
2026-05-08,0.0245009895368,0.003120085402834913
2026-05-11,0.0176301575179336,0.003320656642771288
2026-05-12,0.0141452028775916,0.0037019373513344856
2026-05-13,0.0113093262876711,0.004224157780301944
2026-05-14,0.0227355946872607,0.004199337047546765
2026-05-15,0.0286113377540577,0.004428387528439381
2026-05-18,0.0352202408500852,0.0044798235520823885
2026-05-19,0.0397364910652175,0.0045725575825153126
2026-05-20,0.033945410452369,0.0048302912360041455
2026-05-21,0.023181176329204,0.0049062081901918644
2026-05-22,-0.008127730895624,0.005099452615059584
2026-05-26,0.022281404280346,0.00519338896655215
2026-05-27,-0.0018980744718858,0.005353118357227268
2026-05-28,-0.0040958787681654,0.005438246731280421
2026-05-29,-0.0151253267788814,0.00548756207597652
2026-06-01,-0.0155723922091371,0.00544784289403722
2026-06-02,-0.0782043909952097,0.00555973179436463
2026-06-03,-0.0602075894292083,0.005454819694899299
2026-06-04,-0.0501237683884848,0.005398586485645085
2026-06-05,-0.0527428338762376,0.005256597602033155
2026-06-08,-0.0169795455975066,0.0049909946326600185
2026-06-09,0.0299088424140854,0.00490680012843534
2026-06-10,0.0149873353543692,0.004230741791861448
2026-06-11,0.0080506415220973,0.003871331351245299
2026-06-12,0.0201971813963091,0.0033674557832689776
2026-06-15,-0.0071520860826396,0.003047077310075439
2026-06-16,-0.0205855907397402,0.002823738292538924
2026-06-17,-0.0702821339714508,0.0024614494688839153
2026-06-18,-0.0477500920642134,0.0024135178523880464
2026-06-22,-0.0514124893382769,0.002291755956582835
2026-06-23,-0.016785548822913,0.002119215852823514
2026-06-24,0.0044357856378425,0.0022700847701652336
2026-06-25,0.1216790518481416,0.004382659873323617
2026-06-26,0.1017690447309138,0.003428076574727273
2026-06-29,0.1026478352741366,0.003306731391216331
2026-06-30,0.0830453921422296,0.003202241566061665
2026-07-01,0.0741897743208812,0.002746958207474221
2026-07-02,0.0216765386972679,0.004887762771827538
2026-07-06,0.0148722965999326,0.004027145148506625
2026-07-07,0.0135196026717308,0.0039353613236678036
2026-07-08,0.0450237638902899,0.0038967307157096705
2026-07-09,0.0538865762938705,0.0040618324724531855
2026-07-10,0.0584167021601098,0.004161715401124967
2026-07-13,0.0292458484034603,0.0042163910171394425
2026-07-14,0.0409070546257135,0.0042674236535829345
2026-07-15,-0.004916028532383,0.0052292018560504555
2026-07-16,-0.0348076328397392,0.00530097845622883
2026-07-17,-0.0021573105114066,0.005327164008753002
2026-07-20,0.0315993138728634,0.005357826503541923
2026-07-21,0.0376517339491693,0.005443585306077846
2026-07-22,0.0377427864424051,0.005488959509143954
2026-07-23,0.0365913330958773,0.005507547063721988
2026-07-24,-0.0723979904239164,0.005773537805357947
2026-07-27,-0.0994033373724905,0.005851641696237944
2026-07-28,-0.0902728168089886,0.00590963091834611
2026-07-29,-0.0803985744194433,0.005927278787569251
2026-07-30,-0.0630416439676784,0.005898013673905342
2026-07-31,0.0143082990586671,0.006046279853968489
2026-08-03,0.0168276306385206,0.0057298886072284835
2026-08-04,-0.0135982445699627,0.005595800695219708
2026-08-05,-0.0272969132888243,0.005351922922132616
2026-08-06,-0.0220438922472412,0.005139780008603857
2026-08-07,-0.0227752026398005,0.004887295216632767
2026-08-10,-0.008661562781901,0.004884462585151279
2026-08-11,0.0167918239995212,0.004881816957332612
2026-08-12,0.0482381689735835,0.0048968718045247165
2026-08-13,0.0197863389704442,0.004863208391306429
2026-08-14,0.0111790720413569,0.0047598352575876895
2026-08-17,0.0155437025325526,0.004831730635438923
2026-08-18,-0.0044511979106734,0.0048106227824702835
