Ticker,mean_daily_return,daily_volatility,annualized_return,annualized_volatility,cumulative_return,observations
AAPL,0.001146309544405544,0.019189079507869414,0.28887000519019707,0.30461719359640904,7.277413687252144,2197
ABBV,0.0007543589750747125,0.016815937224060586,0.19009846171882755,0.2669447277440289,2.8307380112925196,2197
AMT,0.0003198281114110633,0.01733746296615493,0.08059668407558795,0.27522369223942916,0.4516914146841764,2197
AMZN,0.000887226266725489,0.021704678376666647,0.22358101921482323,0.34455108762780634,3.1908813525564224,2197
APD,0.0004800841036876547,0.017233059051113688,0.12098119412928898,0.2735663314688253,1.0677536102459602,2197
AVGO,0.0016264242507159886,0.026246563137867406,0.4098589111804291,0.4166512729977135,15.71134110350302,2197
BAC,0.0005610867795000523,0.019794471254406632,0.1413938684340132,0.3142274896390602,1.2320433778454118,2197
CAT,0.0010417948584370632,0.0205830022877811,0.26253230432613994,0.3267450317312539,5.186838188172524,2197
COP,0.00080237233388365,0.024553036828054462,0.20219782813867979,0.38976737627065366,1.9966060050273287,2197
CVX,0.0005743236796545057,0.019438294477785556,0.14472956727293543,0.3085733585967644,1.3239061314738994,2197
D,0.0001692816400657563,0.015617592202033086,0.04265897329657059,0.247921590265207,0.10935122453073753,2197
DIS,0.00018208364060193533,0.01923575027116024,0.0458850774316877,0.3053580689953996,-0.004902155554527887,2197
DUK,0.0003941395437425951,0.013431830625619328,0.09932316502313397,0.21322370092637916,0.9497436866959568,2197
ECL,0.0005067720559363404,0.016733348183527605,0.12770655809595777,0.26563366737041066,1.2411067944370098,2197
EQIX,0.0006084840032446072,0.01788238187661365,0.15333796881764103,0.28387401177004945,1.6805101592668796,2197
GE,0.0009080889600953517,0.024223547239737932,0.22883841794402862,0.3845368912090301,2.857663194822732,2197
GOOGL,0.0010420723223351159,0.019585086744526876,0.26260222522844917,0.3109036135898743,5.473181637331615,2197
HD,0.0004256880689755584,0.01659018193030185,0.10727339338184072,0.2633609735573772,0.8774338909780777,2197
HON,0.0003768672533198609,0.01592146094224935,0.09497054783660494,0.25274535697211936,0.7324171581953551,2197
JNJ,0.0004780512052460684,0.012360016359451376,0.12046890372200925,0.1962091769267896,1.4157244587088988,2197
JPM,0.0007772923936696103,0.017983531450819615,0.1958776832047418,0.2854797114814638,2.8686305950551705,2197
KO,0.0004865063219362791,0.012174877147117378,0.12259959312794233,0.19327018304421675,1.4723930689063103,2197
LIN,0.0006807446474933949,0.01503916833045725,0.1715476511683355,0.23873939596577004,2.480081749862337,2197
LLY,0.0014466208610375286,0.020058147827110552,0.3645484569814572,0.3184132254666307,14.470928402900636,2197
MA,0.0007677768241856698,0.017809606532774167,0.19347975969478878,0.2827187390017905,2.814633228844096,2197
MCD,0.00031667537894432735,0.01353360933617076,0.0798021954939705,0.21483938786765863,0.6399795290844228,2197
META,0.0009837933952795488,0.026274784780737886,0.2479159356104463,0.4170992776894633,3.03552797427609,2197
MSFT,0.0010219591653025542,0.01833462904754379,0.25753370965624367,0.29105321304253146,5.529430978389508,2197
NEE,0.0005469297313625118,0.016812207682502925,0.13782629230335297,0.2668855231072338,1.4353527987847023,2197
NFLX,0.0009337133634864332,0.026835937834139716,0.23529576759858117,0.42600730624993804,2.460486428437337,2197
NVDA,0.002249612628541275,0.03168803607422194,0.5669023823924012,0.5030319779306084,45.446753006956335,2197
PEP,0.00024409433939304303,0.013166424600983148,0.06151177352704684,0.20901051090050546,0.41285221368858904,2197
PG,0.00040075356574843996,0.012622492078514295,0.10098989856860686,0.20037584979378964,1.024945933958238,2197
PLD,0.0005910685844779249,0.017708196126394044,0.14894928328843707,0.2811088987079757,1.5917614232767856,2197
SHW,0.0005769516945396719,0.017499778516292284,0.1453918270239973,0.2778003717169216,1.5348367396958875,2197
SLB,0.00032148170853126413,0.027150010978944365,0.08101339054987856,0.4309930628577605,-0.10388304418539707,2197
SO,0.0005214934428661057,0.014470184038355408,0.13141634760225865,0.2297070503449484,1.5012836147401472,2197
SPG,0.0005841785534481038,0.024525494906527157,0.14721299546892216,0.389330161820713,0.8553691381640782,2197
TSLA,0.002047311293561943,0.03927931278076282,0.5159224459776096,0.6235397597245161,15.60421717245649,2197
UNH,0.0005039003146026833,0.020079912086720126,0.12698287927987617,0.318758722377009,0.9237086570173718,2197
UNP,0.0005392860052265933,0.016484452106039046,0.13590007331710152,0.26168256463040557,1.4261392683510135,2197
V,0.000678874321391903,0.016154863245754648,0.17107632899075956,0.25645050367514716,2.3367635134632505,2197
WMT,0.000687747426818564,0.014305008036948954,0.17331235155827815,0.22708496261128322,2.6169424559436636,2197
XOM,0.0006499068094793558,0.018898804703571206,0.16377651598879767,0.30000922393216306,1.8152005219715828,2197
^GSPC,0.000547808333975818,0.01205340458044781,0.13804770016190615,0.19134186582907042,1.8383082905528854,2197
