,Annual Return,Annual Volatility,Sharpe,Cumulative Return
LLY,0.3645484569814561,0.3184132254666302,1.1448910655241011,14.470928402900636
NVDA,0.5669023823924001,0.5030319779306078,1.1269708632133981,45.446753006956335
AVGO,0.40985891118042805,0.416651272997713,0.9836977293542981,15.71134110350302
AAPL,0.28887000519019596,0.30461719359640854,0.9483049915196965,7.277413687252144
MSFT,0.2575337096562429,0.2910532130425309,0.8848337627477424,5.529430978389508
GOOGL,0.26260222522844806,0.3109036135898738,0.8446419203568919,5.473181637331615
TSLA,0.5159224459776093,0.6235397597245156,0.8274090592162842,15.604217172456487
CAT,0.26253230432613905,0.3267450317312534,0.8034775706767927,5.186838188172524
WMT,0.17331235155827737,0.2270849626112827,0.7632048796421114,2.616942455943664
^GSPC,0.13804770016190493,0.19134186582906995,0.72147148541567,1.8383082905528854
LIN,0.17154765116833462,0.23873939596576954,0.7185561079032433,2.480081749862337
ABBV,0.19009846171882655,0.2669447277440284,0.7121266762800079,2.8307380112925196
JPM,0.19587768320474136,0.28547971148146334,0.6861352149624126,2.8686305950551705
MA,0.19347975969478773,0.28271873900179006,0.6843542114608918,2.814633228844096
V,0.17107632899075872,0.25645050367514666,0.6670929732603142,2.3367635134632505
AMZN,0.2235810192148224,0.3445510876278058,0.6489052777460427,3.1908813525564232
KO,0.1225995931279418,0.19327018304421625,0.6343430279666757,1.4723930689063094
JNJ,0.12046890372200858,0.19620917692678905,0.6139820043532357,1.4157244587088988
GE,0.22883841794402784,0.3845368912090295,0.5951013366351737,2.857663194822732
META,0.24791593561044592,0.41709927768946287,0.5943811194873929,3.03552797427609
SO,0.13141634760225784,0.2297070503449479,0.5721041100171359,1.5012836147401472
NFLX,0.2352957675985811,0.4260073062499375,0.5523280097467005,2.460486428437337
XOM,0.1637765159887971,0.3000092239321625,0.5459049353290215,1.8152005219715828
EQIX,0.1533379688176402,0.28387401177004895,0.5401620523891106,1.6805101592668796
PLD,0.1489492832884364,0.2811088987079751,0.5298632806468702,1.5917614232767856
SHW,0.14539182702399706,0.2778003717169211,0.5233680074847109,1.5348367396958875
UNP,0.13590007331710055,0.26168256463040507,0.5193317847103912,1.4261392683510135
COP,0.20219782813867943,0.3897673762706531,0.5187653981544981,1.9966060050273287
NEE,0.1378262923033521,0.26688552310723324,0.5164247603193307,1.4353527987847023
PG,0.10098989856860577,0.2003758497937891,0.5040023469521728,1.024945933958238
ECL,0.12770655809595707,0.2656336673704103,0.48076194316843845,1.2411067944370098
CVX,0.14472956727293457,0.3085733585967639,0.4690280714157946,1.3239061314738994
DUK,0.09932316502313311,0.21322370092637863,0.4658167201470121,0.949743686695957
BAC,0.1413938684340125,0.3142274896390597,0.44997294347616074,1.2320433778454118
APD,0.12098119412928843,0.2735663314688248,0.4422371476771996,1.0677536102459602
HD,0.10727339338184019,0.2633609735573767,0.40732456268228845,0.8774338909780777
UNH,0.12698287927987542,0.3187587223770085,0.39836675945039013,0.9237086570173718
SPG,0.14721299546892155,0.38933016182071256,0.3781186507114583,0.8553691381640782
HON,0.09497054783660414,0.2527453569721188,0.37575585551540186,0.7324171581953551
MCD,0.07980219549397007,0.2148393878676581,0.3714504881345525,0.6399795290844228
PEP,0.061511773527046426,0.20901051090050496,0.2942999051197373,0.41285221368858904
AMT,0.08059668407558723,0.2752236922394286,0.29284064689268396,0.4516914146841764
SLB,0.08101339054987844,0.43099306285776,0.1879691288131363,-0.10388304418539707
D,0.04265897329656989,0.2479215902652065,0.17206639103491053,0.10935122453073753
DIS,0.04588507743168788,0.3053580689953991,0.15026646449083764,-0.004902155554527887
