ticker,best_C,best_epsilon,best_gamma,RMSE,R2
AAPL,0.1,0.001,auto,0.0786091639600099,-0.1922799070885166
ADBE,0.1,0.001,scale,0.1101281243385662,-0.16372159290118704
AMZN,0.1,0.1,scale,0.10598713455942765,-0.530851891250639
CAT,0.1,0.01,scale,0.0950778572654191,-0.03489658823921471
GOOGL,0.1,0.001,auto,0.09886629556878812,-0.17553651005665327
HD,0.1,0.001,scale,0.0829985715513199,-0.637952842854284
JNJ,0.1,0.1,auto,0.05652807988899129,-0.07282769382430199
JPM,0.1,0.001,auto,0.06477174723680759,-0.15282757218173182
KO,0.1,0.01,auto,0.05773699385529734,-0.5746210102082441
MA,0.1,0.1,scale,0.06762090532460069,-0.7711947742436831
META,0.1,0.001,scale,0.1073646673146991,-0.08319106343989024
MSFT,0.1,0.001,scale,0.08800561286053148,-0.1664003576614439
NFLX,0.1,0.1,scale,0.11866644980125551,-0.34677973488920455
NVDA,0.1,0.1,scale,0.13074427485007517,-0.04388093205148347
PEP,0.1,0.001,auto,0.05745539912385907,-0.11490730891176049
PG,0.1,0.1,scale,0.043398383293073405,-0.021282464259823497
TSLA,0.1,0.1,scale,0.1859384929514516,-0.1877369782088827
V,0.1,0.01,scale,0.059725449256011365,-0.4263520766351787
WMT,0.1,0.001,scale,0.06802194392931016,-0.14433893514757656
XOM,0.1,0.001,auto,0.07784452608444464,-0.4356748923201945
